time,low95:S:Madeira__all,S:Madeira__all,high95:S:Madeira__all,low95:I1:Madeira__all,I1:Madeira__all,high95:I1:Madeira__all,low95:I2:Madeira__all,I2:Madeira__all,high95:I2:Madeira__all,low95:R1:Madeira__all,R1:Madeira__all,high95:R1:Madeira__all,low95:R2:Madeira__all,R2:Madeira__all,high95:R2:Madeira__all,low95:S1:Madeira__all,S1:Madeira__all,high95:S1:Madeira__all,low95:S2:Madeira__all,S2:Madeira__all,high95:S2:Madeira__all,low95:I12:Madeira__all,I12:Madeira__all,high95:I12:Madeira__all,low95:I21:Madeira__all,I21:Madeira__all,high95:I21:Madeira__all,low95:R:Madeira__all,R:Madeira__all,high95:R:Madeira__all,low95:MadeiraMildCases__ecdc__inc,MadeiraMildCases__ecdc__inc,high95:MadeiraMildCases__ecdc__inc,low95:MadeiraSevereCases__ecdc__inc,MadeiraSevereCases__ecdc__inc,high95:MadeiraSevereCases__ecdc__inc
303,252085,256035,261948,2.67302e-12,4.30368e-08,1.78872e-07,1.13545e-09,7.65103e-08,2.01875e-07,3.73086e-06,0.0323953,0.210304,757.194,2204.77,5056.5,0.00343268,0.0623898,0.32393,1398.34,4323.6,9527.36,2.67302e-12,3.99697e-12,1.13837e-11,2.67302e-12,9.4502e-10,5.7261e-09,257.844,4738.71,10440.5,0,0,0,0,0,0
304,252082,256038,261945,0,0.0145142,0.121325,0,0.0108042,0.111592,0,0.0362174,0.189148,752.948,2197.55,5042.99,0.00134606,0.0626948,0.325003,1400.78,4329.16,9536.23,0,0.00123843,0.013868,0,0.00302257,0.031924,262.734,4736.99,10432.4,0,0.0139029,0.0931351,0,0.000861668,0.00576029
305,252100,256041,261962,0,0.0521101,0.503758,0,0.0332871,0.299384,0,0.0802837,0.465945,748.416,2190.44,5031.37,0,0.0630675,0.327742,1403.91,4334.63,9542.39,0,0.00385837,0.0449019,0,0.0162531,0.164033,266.015,4735.62,10407,0,0.0619926,0.469164,0,0.00534506,0.0444637
306,252109,256044,261962,0,0.098984,0.783309,0,0.0611578,0.614586,0,0.162128,0.925166,744.406,2183.16,5022.17,0,0.0643331,0.346434,1406.8,4340.27,9555.16,0,0.00669652,0.0683719,0,0.0249563,0.224054,260.563,4733.99,10400.9,0,0.121025,0.940201,0,0.00854523,0.0654931
307,252109,256047,261964,0,0.171942,1.72137,0,0.0994406,1.24231,0,0.252851,1.26118,742.863,2176,5011.04,0,0.0668341,0.368087,1409.74,4345.78,9564.83,0,0.0127694,0.155526,0,0.0296643,0.273046,266.857,4732.78,10415.6,0,0.189177,1.50981,0,0.0132406,0.106135
308,252127,256049,261963,0,0.225136,1.57368,0,0.10845,1.21359,0,0.403814,2.25501,739.798,2168.72,4995.09,0,0.0719943,0.354374,1413.54,4351.44,9568.35,0,0.0107513,0.0723098,0,0.0463377,0.425159,254.384,4731.55,10392.8,0,0.228033,1.68763,0,0.0155279,0.119025
309,252153,256053,261970,0,0.297221,2.46305,0,0.115183,1.31724,0,0.567484,3.15023,739.874,2161.48,4983.71,0,0.0786341,0.358786,1420.55,4356.97,9578.36,0,0.0129664,0.0975555,0,0.0585189,0.586055,247.635,4729.71,10411.2,0,0.265612,1.81292,0,0.0161841,0.121647
310,252133,256055,261967,0,0.377368,3.12626,0,0.17787,1.74633,0,0.779111,4.30372,739.004,2154.25,4975.71,0,0.0826293,0.338668,1425.48,4362.6,9585.93,0,0.0161037,0.107307,0,0.0531155,0.503942,253.562,4728.94,10413.4,0,0.358774,2.36269,0,0.0198407,0.160766
311,252132,256057,261973,0,0.468243,4.27386,0,0.210594,2.17071,0,1.01004,5.35645,734.118,2147.25,4953.92,0,0.0933023,0.381963,1429.63,4368.04,9588.24,0,0.01768,0.181226,0,0.0776513,0.689077,248.039,4727.5,10408.5,0,0.395742,2.36878,0,0.0223256,0.16465
312,252141,256059,261972,0,0.551305,5.03986,0,0.239763,2.2067,0,1.28628,6.70547,729.188,2140.23,4939.98,0,0.103715,0.426784,1436.25,4373.5,9599.68,0,0.0187848,0.209638,0,0.0856826,0.745115,256.785,4726.61,10418.8,0,0.455166,3.41489,0,0.025566,0.210684
313,252149,256062,261973,0,0.6344,5.84053,0,0.227304,1.89333,0.0283977,1.60478,7.78633,726.816,2133.47,4924.85,0,0.116488,0.458942,1438.39,4378.7,9607.03,0,0.0139855,0.12491,0,0.076469,0.865013,269.325,4725.58,10414.1,0,0.497388,3.81241,0,0.0250651,0.188714
314,252148,256063,261960,0,0.690955,6.14259,0,0.254683,2.22316,0.00334189,1.96768,10.0612,724.568,2126.52,4916.05,0,0.130972,0.541115,1441.49,4384.13,9614.68,0,0.0165853,0.198648,0,0.0727494,0.619856,253.446,4724.77,10433,0,0.545384,4.17291,0,0.0281763,0.218312
315,252145,256066,261953,0,0.777464,7.34962,0,0.306282,2.88445,0.0649486,2.42482,13.2711,723.443,2119.52,4899.85,0,0.145697,0.565905,1445.99,4389.62,9617.95,0,0.0174739,0.194554,0,0.0703699,0.647503,248.502,4723.27,10432.8,0,0.659035,4.5609,0,0.0269475,0.196728
316,252115,256067,261963,0,0.935135,7.8358,0,0.309559,2.64542,0.0616537,2.84094,16.6168,716.985,2112.57,4886.79,0,0.164713,0.651426,1444.99,4395.01,9621.3,0,0.0184615,0.191724,0,0.0758226,0.705835,236.35,4722.6,10416.4,0,0.68871,4.77075,0,0.028459,0.244992
317,252132,256070,261956,0,0.948273,7.5844,0,0.39239,3.62049,0.074098,3.36041,21.8627,713.046,2105.58,4872.05,0,0.173385,0.71505,1448.17,4400.54,9626.77,0,0.0213955,0.232925,0,0.0735407,0.626183,241.012,4720.93,10408.7,0,0.732222,4.9537,0,0.0300536,0.224806
318,252149,256071,261968,0,0.970519,7.64834,0,0.475751,4.64661,0.0949367,3.95258,23.9511,710.072,2098.83,4862,0,0.192809,0.825933,1449.01,4405.73,9625.84,0,0.0203872,0.217385,0,0.0705436,0.575981,244.585,4720.43,10401.5,0,0.817035,6.14348,0,0.0322576,0.220631
319,252153,256073,261963,0,1.04294,8.46035,0,0.526092,4.25345,0.0838207,4.5257,28.4385,706.117,2092.25,4853.77,0,0.216401,0.981418,1448.81,4410.94,9629.24,0,0.0245859,0.303045,0,0.0655762,0.520673,229.879,4719.23,10390.7,0,0.852833,5.98728,0,0.0321145,0.258935
320,252156,256075,261960,0,1.19691,9.63069,0,0.583083,5.52495,0.132383,5.08748,30.2678,705.737,2085.65,4845.11,0,0.245286,1.15365,1451.01,4416.08,9631.73,0,0.0271429,0.33678,0,0.0726817,0.553206,216.09,4717.94,10378.7,0,0.979122,6.84019,0,0.0340149,0.2774
321,252144,256077,261946,0,1.28804,10.5247,0,0.664405,5.78793,0.146689,5.75864,34.0595,703.535,2079.05,4837.36,0,0.270083,1.20627,1454.22,4421.27,9635.85,0,0.0218274,0.247174,0,0.0769107,0.630411,213.514,4716.45,10382.7,0,1.075,8.22349,0,0.0376613,0.264892
322,252128,256079,261937,0,1.39064,10.8747,0,0.677975,5.97749,0.180806,6.46265,40.4049,701.22,2072.48,4824.13,0,0.301931,1.28165,1459.23,4426.6,9636.56,0,0.0278289,0.304935,0,0.0975443,0.839669,213.106,4714.52,10354.2,0,1.09946,7.34463,0,0.0433613,0.316823
323,252137,256081,261940,0,1.41877,11.3941,0,0.719398,6.77911,0.208264,7.29378,45.2706,698.347,2065.83,4815.09,0,0.337743,1.45137,1461.86,4431.88,9647.53,0,0.0223978,0.259591,0,0.0873397,0.664989,212.075,4713.31,10350.1,0,1.16335,7.03597,0,0.0433237,0.31901
324,252132,256083,261946,0,1.52522,11.8951,0,0.73122,8.21577,0.181675,8.06743,48.5398,694.591,2059.44,4793.85,0,0.373892,1.69362,1464.74,4436.9,9656.21,0,0.0176659,0.155981,0,0.0919061,0.810105,214.373,4711.42,10348.1,0,1.17298,8.95097,0,0.047833,0.415366
325,252142,256085,261950,0,1.6407,14.2346,0,0.8139,7.2968,0.261992,8.89694,51.4292,689.668,2053.09,4782.62,0,0.397256,1.89715,1467.43,4441.91,9666.86,0,0.023461,0.235799,0,0.0866703,0.727174,211.749,4710.61,10325.6,0,1.31415,9.89569,0,0.0437561,0.349848
326,252132,256085,261941,0,1.72442,15.2157,0,0.821022,7.48226,0.252102,9.7578,59.7788,686.616,2046.58,4771.37,0,0.433148,1.96388,1470.82,4447.2,9676.55,0,0.0192331,0.227244,0,0.0905693,0.803265,216.857,4710.28,10318.8,0,1.3157,9.55542,0,0.0403836,0.263577
327,252117,256086,261958,0,1.7799,14.7039,0,0.869734,7.14731,0.305159,10.7281,66.6192,683.56,2040.07,4764.52,0,0.473415,2.01003,1473.47,4452.46,9679.93,0,0.0150124,0.176517,0,0.099345,0.83232,218.911,4709.23,10321,0,1.40239,7.94708,0,0.0457848,0.300494
328,252124,256088,261965,0,2.03446,14.3988,0,0.917305,8.90643,0.465,11.635,68.9149,681.854,2033.84,4754.38,0,0.510675,2.48638,1479.64,4457.49,9683.42,0,0.0151563,0.172784,0,0.100912,0.775803,219.373,4707.42,10314,0,1.56312,9.63827,0,0.051806,0.323835
329,252121,256089,261958,0,2.24676,17.0406,0,0.875765,7.7343,0.437115,12.6865,75.3478,681.565,2027.65,4741.13,0,0.549581,2.61605,1480.12,4462.46,9683.89,0,0.0109049,0.111537,0,0.115308,0.970025,214.272,4706.22,10302.5,0,1.55753,9.01991,0,0.0449981,0.344142
330,252114,256091,261945,0,2.54535,17.7067,0,0.939573,9.08672,0.491386,13.8939,87.8957,681.266,2021.26,4727.06,0,0.590502,3.01815,1482.02,4467.58,9687.27,0,0.0141277,0.203699,0,0.128376,1.08813,212.267,4704.18,10295.1,0,1.8831,11.1749,0,0.0602294,0.435182
331,252117,256092,261934,0,2.82487,18.7798,0,1.02494,9.84508,0.516519,15.27,98.2416,678.428,2015,4713.12,0,0.647288,3.02048,1483.23,4472.62,9694.17,0,0.0195176,0.204189,0,0.131487,1.21432,203.87,4702.53,10281.8,0,2.08876,13.0963,0,0.0596712,0.423059
332,252129,256092,261927,0,2.99593,22.9482,0,1.07857,11.1543,0.555008,16.7747,108.279,676.254,2008.81,4699.32,0.00278545,0.729508,3.66334,1487.08,4477.64,9697.67,0,0.0192242,0.217396,0,0.135726,1.15531,217.434,4702.22,10275.3,0,2.13847,12.8586,0,0.0663154,0.481365
333,252150,256092,261927,0,3.37042,26.2831,0,1.11688,13.775,0.609908,18.406,120.644,677.368,2002.75,4690.36,0.00535443,0.775704,4.03005,1490.4,4482.63,9695.66,0,0.0232888,0.233067,0,0.136393,1.05114,225.389,4700.68,10275.7,0,2.45261,17.5103,0,0.0659395,0.499294
334,252127,256092,261921,0,3.63438,31.4288,0,1.19965,12.5107,0.687669,20.226,145.493,676.711,1996.83,4678.91,0,0.820242,4.22891,1491.33,4487.43,9695.5,0,0.0288167,0.265951,0,0.130392,0.950215,233.355,4700.04,10260,0,2.57571,15.7185,0,0.0663286,0.513658
335,252111,256092,261936,0,3.90796,32.0443,0,1.25747,12.4906,0.667763,22.2428,159.075,673.735,1990.84,4669.83,0,0.895389,4.38958,1493.02,4492.41,9692.43,0,0.0195589,0.191723,0,0.140614,1.17464,241.117,4698.49,10252.1,0,2.80631,18.1958,0,0.0827026,0.725636
336,252110,256092,261947,0,4.17608,32.5034,0,1.29017,9.6439,0.653527,24.2858,178.385,670.183,1984.89,4651.4,0,0.961326,4.4975,1495.87,4497.41,9695.09,0,0.0181515,0.179091,0,0.158435,1.48934,251.255,4696.67,10248.9,0,2.84093,18.412,0,0.0753207,0.615079
337,252121,256092,261948,0,4.53396,34.5896,0,1.43252,13.3503,0.644186,26.4443,207.237,670.198,1979.07,4638.92,0,1.04203,5.07192,1501.07,4502.2,9695.63,0,0.0219715,0.259708,0,0.160353,1.23169,253.763,4695.06,10235.8,0,3.09719,19.4128,0,0.079422,0.614618
338,252115,256091,261957,0,4.8161,35.8132,0,1.41324,13.8791,0.813143,28.8907,222.658,668.567,1973.34,4629.26,0.0171601,1.11025,5.04717,1500.06,4507.07,9695.66,0,0.0207998,0.182108,0,0.162461,1.4341,238.774,4693.93,10239.5,0,3.24054,19.7525,0,0.0860409,0.683924
339,252107,256091,261989,0,5.09173,40.4288,0,1.55278,15.3726,0.739478,31.4451,229.581,667.216,1967.52,4615.11,0,1.20856,5.84369,1503.35,4511.88,9697.24,0,0.0235268,0.219982,0,0.171146,1.53834,235.922,4691.87,10231,0,3.45642,21.6714,0,0.0961047,0.678541
340,252105,256090,261991,0,5.61543,39.8113,0,1.73116,15.3256,0.736277,34.1083,248.728,665.635,1961.87,4601.85,0,1.31345,6.67015,1507.78,4516.48,9698.38,0,0.0204469,0.204598,0,0.168255,1.42097,251.647,4690.45,10221.1,0,3.92133,24.8072,0,0.102191,0.615005
341,252110,256088,262005,0,6.08718,41.6904,0,1.80162,16.1509,0.933354,36.9413,266.789,662.759,1956.32,4587.73,0,1.44851,7.74923,1508.86,4521.22,9702.51,0,0.021055,0.279733,0,0.166693,1.42931,243.618,4689.69,10229.9,0,4.01174,24.3174,0,0.0905175,0.675678
342,252105,256086,262007,0,6.72514,48.6286,0,1.88387,22.1008,0.912138,40.1333,278.163,658.976,1950.76,4578.87,0.0238388,1.56128,8.29414,1512.54,4525.84,9710.06,0,0.0260251,0.316485,0,0.178982,1.29766,236.194,4689.28,10235.6,0,4.53103,26.0068,0,0.111389,0.922228
343,252118,256083,262011,0,7.43942,49.9685,0,2.09467,21.1716,0.992064,43.6309,286.878,657.337,1945.09,4558.07,0,1.69456,9.47506,1519.89,4530.81,9721.96,0,0.0223078,0.23808,0,0.197926,1.3417,228.698,4687.56,10225.4,0,5.03799,27.1095,0,0.112956,0.798686
344,252127,256080,262008,0,8.01828,50.8961,0,2.25112,23.1681,1.09351,47.5393,327.688,655.272,1939.84,4546.01,0.0318743,1.86081,10.7087,1521.92,4535.47,9720.34,0,0.022176,0.28391,0,0.217293,1.51344,220.843,4686.49,10234.4,0,5.42418,29.9589,0,0.115363,0.899171
345,252112,256076,262014,0,8.80456,60.3808,0,2.41677,23.4166,1.15324,51.6376,356.857,652.266,1934.82,4533.98,0.0166398,1.99037,12.3611,1528.47,4539.87,9726.34,0,0.0222007,0.225237,0,0.235604,1.43127,224.026,4685.85,10225.1,0,5.86133,35.0619,0,0.13111,0.926265
346,252109,256073,262012,0,9.60331,66.1745,0,2.65601,26.3674,1.1711,56.2892,378.956,648.229,1929.64,4523.21,0.0272807,2.16961,11.639,1531.81,4544.47,9733.18,0,0.0292021,0.36697,0,0.251866,1.50058,217.695,4683.54,10235.3,0,6.50515,34.4698,0,0.138109,1.0725
347,252106,256068,262022,0,10.6753,75.9812,0,2.89298,26.4442,1.21512,61.2735,405.28,651.866,1924.58,4511.64,0.0276356,2.35669,13.6562,1531.9,4549.13,9736.05,0,0.0214974,0.250967,0,0.254043,1.51568,217.752,4682.75,10230.4,0,7.18813,38.4147,0,0.13526,0.935175
348,252100,256063,262022,0,11.5473,79.4087,0,3.07246,30.9348,1.21873,66.7369,437.193,646.687,1919.7,4501.03,0,2.58221,14.7949,1537.51,4553.67,9742.86,0,0.0274396,0.310076,0,0.287746,1.69654,222.716,4681.78,10238,0,7.5005,41.4062,0,0.1643,1.12726
349,252047,256057,262003,0,12.6695,83.926,0,3.16826,32.5044,1.23471,72.6469,465.687,643.957,1915.01,4489.41,0.0298768,2.8062,16.2358,1540.74,4558.14,9753.11,0,0.023235,0.258805,0,0.307732,2.00746,227.185,4680.22,10228.1,0,8.21535,42.0917,0,0.164518,1.01039
350,252031,256050,261997,0,14.394,87.7854,0,3.35856,34.948,1.35414,79.1606,487.832,640.918,1910.29,4475.05,0.0421943,3.01795,18.1519,1542.16,4562.69,9758.93,0,0.0303703,0.298788,0,0.346727,2.21479,223.86,4679.16,10216.8,0,9.46169,46.4261,0,0.194466,1.30285
351,251967,256041,261976,0,15.591,104.21,0,3.67783,34.8519,1.30154,86.4,521.602,640.045,1905.57,4462.48,0.0356147,3.25379,20.0507,1546.47,4567.34,9766.54,0,0.0289292,0.339978,0,0.359086,2.29146,247.936,4678.3,10211.5,0,9.77636,54.7302,0,0.172055,1.1159
352,251952,256032,261971,0,17.1175,117.084,0,3.98439,32.9374,1.30871,94.3645,585.595,637.616,1901.33,4445.86,0.0560342,3.56945,21.6002,1548.04,4571.76,9767.82,0,0.026654,0.270407,0,0.382963,2.1471,236.619,4677.31,10191.5,0,11.0002,65.1435,0,0.217649,1.67766
353,251932,256022,261966,0,18.3618,114.589,0,4.20682,32.6989,1.38372,103.006,637.549,634.396,1897.34,4430.97,0.0726263,3.86182,23.8871,1549.52,4576.02,9778.34,0,0.0307307,0.362639,0,0.393336,1.9821,224.002,4676.76,10182.3,0,11.4934,62.0735,0,0.209699,1.52086
354,251928,256011,261969,0,19.4777,125.591,0,4.31543,36.3859,1.42788,112.746,680.317,632.098,1893.18,4418.81,0.079865,4.20037,26.519,1550.43,4580.41,9785.87,0,0.0277148,0.231159,0,0.432203,3.00793,215.69,4676.25,10176.1,0,12.3786,70.1915,0,0.253679,1.65552
355,251858,256001,261981,0,20.0797,138.368,0,4.61909,39.3789,1.55008,122.798,766.782,626.764,1889.07,4405.98,0.063736,4.54007,26.1826,1553.34,4584.82,9795.51,0,0.0331145,0.371993,0,0.44702,2.34052,229.594,4674.8,10171,0,12.3557,74.2554,0,0.251106,1.65129
356,251785,255988,261967,0,22.2801,159.767,0,5.07411,51.1491,1.53646,133.376,834.858,623.854,1885.35,4396.61,0.0575755,4.9343,26.1507,1556.59,4588.92,9801.42,0,0.0337308,0.381028,0,0.443743,2.67579,239.13,4673.86,10171.9,0,14.6483,86.0349,0,0.235604,1.72547
357,251728,255975,261952,0,23.8919,167.592,0,5.30696,50.0868,1.66216,144.162,912.34,619.553,1881.84,4387.01,0.0745068,5.37541,30.1022,1556.48,4593.35,9815.38,0,0.0281596,0.33337,0,0.466956,2.72195,246.912,4672.63,10156.8,0,14.5125,85.0328,0,0.24875,2.27283
358,251731,255961,261944,0,25.2958,170.623,0,5.59983,63.7163,1.78844,155.82,1001.05,617.641,1878.44,4381.11,0.0715032,5.86981,33.2933,1559.17,4597.6,9823.3,0,0.0249129,0.274791,0,0.528079,3.67108,227.639,4672.15,10160.7,0,15.2218,86.0797,0,0.296968,2.0764
359,251721,255944,261961,0,28.0951,189.178,0,5.91864,70.3949,1.82375,168.884,1097.6,614.301,1875.41,4445.7,0.0897981,6.32607,36.8434,1566.34,4601.67,9832.58,0,0.0221348,0.283202,0,0.579175,3.85031,246.25,4671.46,10156.4,0,18.029,99.4763,0,0.332139,2.55509
360,251718,255925,261971,0,30.298,198.769,0,6.1407,64.7994,1.83358,183.172,1210.22,610.936,1872.34,4434.56,0.0744128,6.82357,39.6497,1570.15,4606.08,9845.99,0,0.0266445,0.244463,0,0.595548,5.13942,244.326,4671.2,10155.7,0,18.8545,110.783,0,0.348059,2.57538
361,251717,255906,261977,0,32.7073,232.307,0,6.45587,72.6112,1.82419,198.472,1348.28,608.03,1869.29,4421.58,0.0748227,7.29562,42.9139,1575.36,4610.14,9857.2,0,0.0237433,0.204181,0,0.666707,5.67913,233.214,4670.71,10140.5,0,19.866,130.076,0,0.368852,2.54428
362,251729,255887,261988,0,34.8564,259.798,0,6.84171,70.5231,1.92291,214.818,1472.17,606.256,1866.46,4406.06,0.0376108,7.88453,47.1584,1580.4,4614.31,9866.82,0,0.0247948,0.287596,0,0.64984,3.68252,238.254,4669.17,10121.5,0,20.9035,135.499,0,0.318182,2.00459
363,251729,255863,261992,0,39.1918,273.297,0,7.54886,83.6308,1.88933,232.497,1623.74,602.452,1863.67,4435.11,0.0788823,8.55052,50.961,1584.12,4618.59,9880.02,0,0.0196317,0.261481,0,0.725036,5.02547,225.839,4667.89,10160.3,0,24.7914,158.165,0,0.420999,3.61766
364,251728,255838,261982,0,42.5501,298.457,0,8.10834,87.3736,1.85642,252.068,1788.69,598.943,1861.37,4508.28,0.103914,9.27511,56.0431,1585.57,4622.57,9886.77,0,0.0181132,0.180268,0,0.756882,5.23179,215.6,4667.42,10147,0,25.677,154.81,0,0.442112,3.38076
365,251711,255811,261974,0,45.5556,306.244,0,8.69787,98.298,1.95043,273.263,2017.36,598.274,1858.96,4512.64,0.102562,10.062,61.7113,1589.88,4626.82,9899.6,0,0.0183554,0.167886,0,0.798091,6.25179,237.294,4666.63,10154.5,0,27.1031,177.428,0,0.401515,3.05449
366,251679,255783,261982,0,48.3678,319.89,0,9.09187,102.366,2.17387,296.572,2204.06,592.153,1857.3,4501.38,0.101917,10.9266,65.3022,1593.91,4630.88,9911.67,0,0.0220496,0.259492,0,0.842497,5.79101,234.052,4665.37,10142.3,0,29.152,200.675,0,0.451211,4.10876
367,251468,255751,261951,0,52.4351,356.768,0,9.69591,103.44,2.32819,320.792,2375.09,588.331,1855.69,4502,0.111815,11.8568,76.1098,1596.78,4634.98,9917.13,0,0.0275559,0.325738,0,0.904694,6.51965,248.059,4664.55,10149.2,0,31.5689,203.494,0,0.533708,4.78932
368,251273,255719,261908,0,54.9258,424.342,0,10.3832,117.158,2.53181,346.914,2557.21,587.342,1854.51,4492.08,0.133202,12.8799,82.2779,1599.23,4638.97,9930.29,0,0.0279426,0.278918,0,0.988922,8.15144,255.95,4663.58,10155.7,0,32.2159,227.751,0,0.572634,4.20412
369,251154,255685,261837,0,57.6266,415.622,0,10.8345,126.273,2.65313,374.126,2740.41,588.574,1853.69,4472.74,0.186232,14.0048,88.1769,1602.05,4642.96,9940.03,0,0.0403248,0.421931,0,1.05918,7.56793,245.96,4662.53,10169.8,0,33.5134,234.36,0,0.557414,4.20889
370,251059,255648,261815,0,60.8761,457.415,0,11.1704,117.425,2.6261,402.906,2978.66,585.857,1853.29,4459.11,0.266941,15.2364,96.8103,1599.65,4646.81,9952.05,0,0.0324908,0.300544,0,1.06584,7.21424,243.004,4662.16,10156.4,0,35.7126,221.721,0,0.565787,4.93888
371,250969,255611,261818,0,63.2123,483.238,0,11.9167,121.033,2.67895,433.343,3174.62,587.612,1852.86,4438.04,0.209036,16.5495,105.053,1602.42,4650.58,9957.1,0,0.032512,0.374804,0,1.13655,8.54277,247.313,4661.4,10167.8,0,36.7807,276.143,0,0.6495,5.59891
372,250658,255570,261815,0,68.097,545.938,0,12.6666,141.24,2.59535,464.557,3410.03,583.504,1852.77,4444.06,0.206299,17.8746,118.665,1604.36,4654.37,9967.63,0,0.0391395,0.319726,0,1.24833,9.9405,257.368,4660.13,10181.2,0,40.1383,296.841,0,0.709606,7.36023
373,250605,255529,261832,0,71.5569,587.859,0,13.2744,144.851,3.06258,498.419,3626.82,583.465,1853.01,4429.31,0.187163,19.3432,125.471,1607.99,4657.96,9978.94,0,0.0430893,0.412391,0,1.32076,10.718,248.554,4658.43,10176.3,0,41.3216,326.263,0,0.720431,8.01833
374,250245,255484,261832,0,75.0908,669.899,0,13.8361,146.817,2.96198,534.255,3850.25,577.208,1853.51,4437.68,0.236498,20.8602,132.12,1609.48,4661.95,9986.81,0,0.0331115,0.3701,0,1.36961,11.1795,257.062,4657.31,10179.5,0,43.7896,340.898,0,0.735624,6.09163
375,250167,255437,261831,0,78.8744,710.749,0,14.7911,149.616,3.19643,571.684,4214.36,580.379,1854.12,4425.19,0.223122,22.4857,141.268,1612.72,4665.61,9996.25,0,0.0294579,0.300533,0,1.41622,12.9618,262.594,4656.35,10163.5,0,45.6905,387.231,0,0.754861,6.46289
376,250096,255385,261831,0,83.4596,764.19,0,15.8092,158.237,3.13474,611.186,4581.01,578.864,1855.43,4415.64,0.264101,24.1645,152.336,1613.51,4669.24,10003.6,0,0.0443068,0.410425,0,1.43201,13.4045,256.028,4656.62,10162.3,0,48.988,383.374,0,0.831419,7.93104
377,249595,255330,261813,0,88.4923,783.582,0,16.3394,169.787,3.01828,652.613,4965.79,576.383,1857.59,4405.6,0.24372,25.9525,166.722,1614.36,4672.61,10011.5,0,0.047768,0.487506,0,1.56342,13.5641,259.186,4656.32,10147.4,0,51.3361,408.377,0,0.883484,7.55584
378,249220,255274,261770,0,93.2566,896.413,0,16.7893,194.288,2.95075,696.498,5371.3,574.479,1859.55,4535.23,0.268305,27.9815,182.361,1613.37,4676.09,10023.4,0,0.0492592,0.497209,0,1.69978,14.1877,272.085,4656.3,10134.5,0,53.5074,454.627,0,0.96457,10.6593
379,248737,255215,261746,0,97.5455,961.397,0,18.0284,210.485,2.97319,742.661,5816.23,572.065,1861.66,4526.63,0.257453,30.158,203.192,1617.5,4679.62,10030.3,0,0.043629,0.357904,0,1.80169,15.0336,275.72,4655.21,10115.2,0,55.9521,486.186,0,0.965536,9.71696
380,248323,255154,261714,0,101.8,1050.48,0,19.0689,232.717,3.04648,791.05,6293.18,569.646,1864.38,4603.97,0.303026,32.6454,231.67,1618.12,4683.05,10030.3,0,0.0408649,0.399318,0,1.82536,17.3608,263.867,4653.93,10117.8,0,58.508,495.049,0,1.0084,9.75435
381,247978,255090,261693,0,106.462,1043.58,0,20.0665,240.324,3.32006,841.075,6703.56,565.542,1867.73,4658.21,0.319773,35.2032,251.186,1618.67,4686.36,10031.9,0,0.0476216,0.425355,0,1.90622,15.9666,252.632,4652.71,10111.2,0,60.6099,475.82,0,1.08191,9.24913
382,247479,255022,261693,0,111.494,1032.56,0,21.1678,256.362,3.31576,893.297,7182.38,562.35,1871.49,4750.23,0.273638,37.8959,275.52,1621.42,4689.72,10035.2,0,0.0517604,0.558935,0,2.02863,14.699,224.65,4652.71,10107.8,0,63.5991,495.697,0,1.1152,8.22197
383,246926,254951,261676,0,116.811,1141.9,0,22.1884,283.867,3.35043,948.691,7712.64,557.51,1876.01,4826.3,0.280201,40.5861,295.403,1625.17,4693,10035.4,0,0.0598722,0.468146,0,2.0699,19.6514,217.228,4651.7,10104.4,0,67.0535,596.528,0,1.1086,10.0933
384,246380,254875,261676,0,122.034,1193.77,0,23.2796,276.869,3.51774,1006.92,8217.65,555.49,1880.74,4922.14,0.272459,43.4845,316.657,1620.57,4696.13,10038,0,0.0634774,0.567597,0,2.26699,22.6683,207.06,4652.06,10092.5,0,70.1778,577.28,0,1.23921,11.554
385,245718,254797,261670,0,126.671,1320.95,0,24.0371,275.31,4.26516,1067.4,8734.28,550.703,1886.16,4979.29,0.3206,46.6404,345.387,1625.8,4699.69,10045.2,0,0.0596671,0.487652,0,2.32619,18.1862,222.084,4651.62,10086.8,0,72.0712,672.911,0,1.22442,11.3412
386,245086,254717,261669,0,131.392,1400.9,0,25.8168,300.972,4.50851,1129.9,9299.12,548.539,1891.61,4968.89,0.410021,50.0591,371.063,1626.59,4703.01,10046.3,0,0.0562129,0.34825,0,2.33506,18.8252,203.111,4650.69,10104.2,0,75.0484,662.311,0,1.23084,12.0141
387,244443,254633,261665,0,135.529,1429.24,0,26.5501,322.505,4.12744,1194.5,9888.23,544.285,1898.05,4971.77,0.418528,53.7247,399.905,1627.9,4706.37,10049.1,0,0.0455195,0.475261,0,2.47868,20.0721,206.289,4651.44,10104.2,0,76.4747,676.078,0,1.33199,10.7778
388,243839,254546,261674,0,141.333,1426.77,0,27.3561,334.942,4.50498,1261.56,10441.6,540.881,1904.76,5011.48,0.447801,57.5053,440.329,1630.82,4709.55,10049.1,0,0.0478734,0.408143,0,2.66442,21.1518,212.065,4651.06,10109.2,0,80.5563,710.086,0,1.45324,15.0521
389,242887,254458,261678,0,143.592,1564.03,0,28.4423,337.468,4.66241,1331.58,11234.3,538.387,1912.09,4999.11,0.374966,61.5085,485.228,1636.43,4712.57,10049.8,0,0.0528689,0.363603,0,2.73448,22.4455,236.289,4651.25,10119.5,0,80.8224,763.958,0,1.4065,13.2629
390,242070,254366,261677,0,148.046,1721.42,0,29.4006,353.706,4.9496,1402.82,12055.5,533.76,1920.03,5098.35,0.455421,65.783,525.699,1635.68,4715.65,10053.2,0,0.060967,0.542164,0,2.64476,22.5713,224.876,4651.52,10099.3,0,84.7156,796.406,0,1.44465,12.9458
391,241407,254275,261661,0,150.078,1626.04,0,30.8548,379.453,4.97884,1474.79,12918.8,530.713,1927.98,5240.72,0.492938,70.1568,547.525,1639.38,4718.93,10051.6,0,0.0610517,0.439641,0,2.72116,24.272,226.033,4651.68,10105.3,0,84.0557,795.115,0,1.45606,13.5285
392,240778,254183,261666,0,151.38,1595.55,0,31.6937,375.038,4.98254,1547.25,13730.7,525.959,1936.7,5426.3,0.507942,74.8735,590.19,1644.27,4722.21,10057.6,0,0.0629021,0.477719,0,2.82131,22.8469,233.272,4652.3,10114.1,0,84.1737,777.474,0,1.45414,13.23
393,240083,254089,261671,0,152.424,1585.05,0,32.7271,394.845,4.99187,1620.73,14674.6,525.499,1946.14,5588.59,0.423714,79.7344,629.747,1647.89,4725.41,10060.5,0,0.0481742,0.538939,0,2.86238,25.9745,233.506,4652.6,10112.8,0,85.4009,845.984,0,1.51065,13.6158
394,239295,253995,261678,0,153.465,1629.4,0,34.1142,386.018,4.99027,1694.26,15551.7,521.785,1955.88,5774.49,0.424525,84.9411,696.427,1651.36,4728.67,10064.5,0,0.056255,0.505656,0,2.82431,27.647,236.34,4652.95,10096,0,86.1934,791.283,0,1.49587,13.9029
395,238439,253901,261672,0,154.261,1621.49,0,34.9112,392.703,5.12501,1767.38,16005.1,519.942,1966.16,5930.88,0.450665,90.5975,747.93,1654.19,4731.85,10063.9,0,0.0471017,0.426491,0,2.87354,28.5825,225.825,4653.17,10108.8,0,86.1018,770.527,0,1.46804,13.0477
396,237526,253805,261702,0,155.734,1579.97,0,35.7959,391.403,5.18584,1841.59,16786.8,516.376,1977.03,6134.65,0.566994,96.248,786.011,1657.71,4735.14,10062.6,0,0.04875,0.456398,0,2.84072,27.5447,227.075,4653.03,10124.6,0,88.052,780.354,0,1.49891,14.1932
397,236626,253708,261622,0,157.392,1634.89,0,36.3902,401.958,5.19791,1915.55,17933.2,514.811,1988.35,6281.35,0.503627,102.063,825.163,1663.82,4738.42,10062.7,0,0.0575026,0.580547,0,2.98234,30.4246,234.32,4652.53,10124.6,0,88.4481,796.937,0,1.61291,15.3065
398,235759,253610,261616,0,159.666,1611.11,0,36.4811,425.647,5.27861,1990.18,19190.4,514.129,2000.13,6443.05,0.552966,108.069,872.665,1666.01,4741.53,10064.4,0,0.064787,0.544809,0,2.97314,29.4448,235.837,4652.49,10133.4,0,89.3313,854.04,0,1.51715,13.6861
399,234735,253513,261597,0,160.148,1555.36,0,36.4444,459.022,5.4468,2065.28,20077.4,511.933,2011.54,6568.18,0.560995,114.502,938.054,1670.31,4744.86,10065.2,0,0.0596816,0.529142,0,2.99357,30.0647,244.569,4653.29,10118.8,0,88.0999,789.938,0,1.516,13.3079
400,233573,253417,261597,0,157.386,1592.66,0,37.9321,467.769,5.5151,2140.32,20865.1,512.382,2022.92,6706.67,0.550835,121.152,989.235,1672.87,4748.38,10064.1,0,0.0591375,0.535091,0,2.89843,26.715,267.35,4654.3,10108.7,0,86.4931,728.879,0,1.46096,11.766
401,232409,253321,261584,0,157.231,1580.33,0,37.5955,479.485,5.50275,2213.72,21662.3,510.457,2035.2,6864.25,0.588325,127.909,1063.75,1687.05,4751.75,10066.8,0,0.0560246,0.541696,0,2.87349,28.5081,273.831,4654.21,10090,0,86.5737,812.536,0,1.50076,16.1995
402,231164,253227,261580,0,156.369,1575.06,0,38.1613,489.771,5.46142,2286,22652.5,507.559,2046.8,6999.58,0.59195,134.822,1133.34,1693.21,4755.45,10067.3,0,0.0658726,0.54827,0,2.90507,30.2357,271.093,4654.33,10096.3,0,85.3975,726.663,0,1.51363,12.9048
403,230530,253136,261564,0,152.779,1520.32,0,38.0426,474.723,5.58725,2358.66,23622.3,506.738,2058.81,7156.98,0.649046,141.98,1200.08,1698.15,4758.96,10069.3,0,0.068655,0.723128,0,2.86761,29.4022,267.203,4654.3,10132.7,0,83.1412,665.818,0,1.4731,13.0091
404,230085,253043,261581,0,152.334,1471.47,0,39.0228,511.416,5.67916,2428.71,24473.8,504.036,2070.38,7317.91,0.653101,149.351,1274.73,1702.61,4762.44,10074.5,0,0.064019,0.539763,0,2.95783,30.4562,259.452,4653.99,10142.9,0,84.3139,715.066,0,1.51883,13.5542
405,229620,252951,261578,0,150.454,1386.5,0,39.4207,522.374,5.43153,2497.57,25326.2,501.41,2082.85,7468.08,0.577481,157.242,1387.9,1708.94,4765.95,10076.8,0,0.0523313,0.397809,0,2.86669,28.1187,266.492,4654.58,10138.4,0,82.6833,675.913,0,1.43621,11.7344
406,229105,252861,261591,0,148.139,1420.83,0,39.4707,509.939,5.74785,2565.85,26222.6,501.039,2095.5,7665.5,0.607385,165.09,1475.77,1712.04,4769.47,10081.8,0,0.0583855,0.611791,0,2.86055,27.3095,272.227,4654.31,10143.5,0,81.567,681.664,0,1.45601,12.4805
407,228357,252772,261591,0,146.594,1395.57,0,39.4549,471.9,5.95637,2632.34,27089.7,499.106,2107.89,7982.77,0.762533,173.187,1574.37,1711.38,4773.09,10084.5,0,0.0715138,0.698115,0,2.79537,24.9998,259.166,4654.28,10141.3,0,80.7244,637.991,0,1.45022,11.1054
408,227205,252684,261578,0,145.206,1317.71,0,39.4015,488.527,6.06059,2697.8,27968.4,496.273,2120.15,8311.31,0.700693,181.534,1669.5,1713.78,4776.83,10092.3,0,0.0730985,0.727632,0,2.72031,23.2596,249.898,4654.45,10126.2,0,79.749,622.73,0,1.40625,11.3309
409,226333,252598,261563,0,141.863,1320.26,0,39.6763,481.637,6.04109,2762.14,28798.7,492.041,2132.24,8605.6,0.825122,190.18,1764.09,1712.45,4780.62,10093.9,0,0.0618298,0.62132,0,2.60748,25.0896,267.652,4654.73,10109.7,0,77.4477,607.219,0,1.31642,11.7999
410,225490,252513,261548,0,138.668,1326.46,0,39.3085,482.922,5.88093,2824.98,29633.4,489.693,2144.79,8868.64,0.823365,198.881,1857.57,1715.78,4784.43,10101.9,0,0.0723285,0.722203,0,2.54804,23.7162,260.76,4655.24,10105.1,0,76.2834,574.839,0,1.30367,10.6148
411,224475,252431,261522,0,134.778,1269.54,0,39.2041,520.302,6.00208,2885.27,30431.6,487.166,2156.78,9111.92,0.810337,207.904,1941.84,1717.27,4788.51,10108,0,0.0810899,0.782019,0,2.48969,24.1443,262.544,4655.82,10130.8,0,73.5255,571.684,0,1.24253,11.2936
412,223550,252352,261525,0,131.34,1216.3,0,38.1747,507.398,6.13273,2944.01,31212.5,485.169,2168.54,9377.35,0.931545,217.122,2025.66,1718.17,4792.47,10114.5,0,0.082154,0.616059,0,2.43317,22.591,265.694,4656.3,10142.6,0,71.7149,514.837,0,1.25214,10.135
413,222638,252275,261527,0,127.429,1128.03,0,37.4602,494.14,6.3808,3000.4,31841.7,482.18,2180,9618.56,0.859069,226.557,2114.37,1714.14,4796.65,10117.2,0,0.0815419,0.615876,0,2.37837,23.0126,249.129,4656.2,10139.9,0,69.5939,514.093,0,1.24732,10.4238
414,221879,252203,261527,0,124.106,1101.88,0,36.0912,503.735,6.57891,3054.16,32329.3,480.591,2190.91,9855.44,0.988946,235.811,2212.38,1711.55,4800.93,10117.4,0,0.0779133,0.833307,0,2.38893,20.099,237.101,4654.71,10153.1,0,66.6872,469.607,0,1.19447,9.45836
415,221028,252131,261493,0,120.811,1076.27,0,34.8898,481.176,6.5843,3106.51,32793.7,478.616,2200.84,10061.6,0.965153,245.348,2306.04,1714.43,4805.51,10120.4,0,0.0730448,0.834584,0,2.39085,20.8881,236.371,4654.81,10136.8,0,64.968,460.988,0,1.14731,9.80484
416,220500,252062,261479,0,116.109,1009.58,0,33.718,452.657,6.68055,3156.73,33120.7,474.916,2210.52,10286.4,0.925848,254.98,2393.39,1713.41,4809.83,10123.2,0,0.0624501,0.743966,0,2.3287,19.7716,247.273,4656.05,10149,0,61.7631,420.945,0,1.0583,8.73783
417,219886,251997,261464,0,110.679,905.766,0,32.8298,431.068,6.73416,3204.81,33426.9,473.087,2219.89,10540,1.05816,264.871,2481.23,1717.48,4814.1,10130.4,0,0.0758206,0.787705,0,2.16653,18.2742,242.312,4656.07,10143.7,0,59.3403,396.514,0,1.02992,8.36235
418,219163,251934,261462,0,105.746,815.821,0,30.9112,395.049,6.80238,3249.52,33634.2,472.223,2228.77,10829.7,1.20216,274.916,2574.43,1721.59,4818.63,10135.7,0,0.0648529,0.60646,0,2.05774,17.5211,244.621,4656.94,10136,0,56.0813,367.631,0,1.01692,7.6034
419,218534,251876,261457,0,101.268,821.458,0,29.6662,375.729,6.71487,3291.42,33809.6,470.696,2236.42,10987.6,1.25815,285.392,2654.09,1725.79,4823.28,10141.3,0,0.0635079,0.620558,0,2.03394,17.1853,251.542,4655.98,10150.7,0,53.8644,372.856,0,1.00294,8.8346
420,217951,251820,261449,0,97.0488,782.436,0,28.5177,348.172,6.91983,3331.4,33978.1,467.808,2243.78,11022.6,1.37335,295.732,2744.9,1727.03,4827.8,10150.1,0,0.0668723,0.662274,0,1.96642,17.3255,261.285,4656.12,10153.9,0,51.8003,344.212,0,0.977492,8.31936
421,217421,251766,261458,0,93.4449,758.649,0,27.518,315.999,7.3085,3367.71,34098.2,463.915,2250.4,11058.2,1.30428,306.293,2851.37,1730.46,4832.66,10157.7,0,0.0643227,0.78849,0,1.79763,17.5819,275.872,4655.95,10159,0,48.9964,352.697,0,0.817283,6.65026
422,216988,251715,261457,0,89.4634,705.449,0,26.301,315.127,7.14197,3403.32,34213.5,464.034,2256.5,11181.6,1.25705,316.893,2950.64,1734.61,4837.27,10158.8,0,0.0681111,0.535067,0,1.72381,14.2331,274.033,4655.5,10159.2,0,47.298,329.372,0,0.835437,7.12867
423,216534,251668,261470,0,85.1214,660.355,0,25.1874,316.041,7.0732,3436.86,34288.3,463.623,2261.69,11208.5,1.1815,327.339,3031.54,1735.76,4842.24,10164.6,0,0.0716233,0.473133,0,1.5072,13.1084,268.234,4653.88,10162.6,0,44.6396,293.66,0,0.741891,5.35963
424,216232,251624,261457,0,79.6683,646.809,0,24.2813,289.236,7.38906,3467.45,34362.1,461.853,2266.37,11260.3,1.28147,338.174,3124.93,1737.1,4846.9,10168.7,0,0.0738186,0.773683,0,1.52608,13.4996,278.209,4653.5,10161.8,0,41.0404,270.59,0,0.830776,6.15096
425,215947,251583,261480,0,75.5994,605.932,0,22.9558,285.208,7.24486,3495.01,34398,460.176,2270.68,11287.8,1.34192,348.828,3207.56,1738.67,4852.03,10169,0,0.0644408,0.593142,0,1.38955,12.5702,283.415,4652.39,10152.5,0,39.1251,281.139,0,0.661538,4.53925
426,215709,251544,261470,0,70.7891,600.719,0,21.9048,256.158,7.39286,3520.77,34525.4,461.574,2274.43,11324,1.38479,359.852,3298.4,1740.78,4857.02,10172.9,0,0.0664524,0.656901,0,1.36675,12.9324,281.383,4651.44,10138.4,0,36.7881,245.654,0,0.68894,5.32948
427,215535,251507,261473,0,67.815,592.826,0,19.9509,234.142,7.43838,3544.19,34840.3,459.747,2277.72,11369.7,1.32248,370.669,3388.65,1742.29,4862.06,10173.4,0,0.0668624,0.640913,0,1.3116,13.1282,253.515,4650.88,10160.3,0,35.0887,227.243,0,0.678376,6.04399
428,215279,251474,261457,0,63.5211,543.372,0,18.9358,232.736,7.38879,3565.65,35103.6,457.236,2280.03,11405.7,1.30035,381.741,3486.17,1745.75,4866.84,10185.6,0,0.058165,0.514993,0,1.20911,11.3215,261.988,4649.78,10167.6,0,32.1582,205.783,0,0.631709,4.28752
429,215057,251441,261436,0,60.5936,524.694,0,17.7742,225.333,7.4682,3585.04,35355.3,455.381,2281.47,11435.6,1.2501,392.941,3594.38,1748.63,4872.02,10183.7,0,0.0612642,0.538053,0,1.21055,11.14,254.769,4649.83,10169.3,0,31.2885,212.301,0,0.646334,5.19286
430,214876,251412,261439,0,56.9087,489.838,0,16.5232,202.572,7.45981,3603.22,35540.1,453.743,2282.86,11472.1,1.31939,404.101,3695.8,1748.83,4877.01,10184.7,0,0.055574,0.593991,0,1.06493,9.21293,248.842,4648.45,10161.4,0,29.3484,186.446,0,0.538704,3.74928
431,214746,251385,261439,0,53.1373,422.638,0,15.7472,206.86,7.54989,3618.98,35685.6,451.84,2283.2,11485.2,1.31677,415.264,3797.71,1749.38,4882.23,10191.9,0,0.0525802,0.490185,0,1.04027,8.06839,232.352,4647.6,10166.3,0,26.7079,159.264,0,0.528964,4.12034
432,214614,251359,261457,0,49.6492,375.35,0,14.8193,189.091,7.68824,3633.02,35782.1,448.6,2283.34,11455.2,1.31019,426.536,3873.86,1753.81,4887.33,10197.5,0,0.0529171,0.480724,0,1.00714,7.87807,220.417,4646.75,10157.6,0,25.2279,155.568,0,0.51442,3.89032
433,214473,251336,261474,0,46.578,355.82,0,13.991,173.704,7.86469,3645.15,35848.5,448.86,2282.96,11462.2,1.29478,437.8,3962.88,1755.59,4892.69,10205.2,0,0.050137,0.435084,0,0.977457,8.14791,220.856,4645.78,10151.2,0,23.6993,144.729,0,0.51276,3.88676
434,214359,251315,261467,0,43.083,323.083,0,13.0048,174.337,7.94471,3655.84,35894.9,444.498,2282.03,11456.5,1.39503,449.407,4072.63,1752.88,4897.83,10209.4,0,0.0553763,0.565702,0,0.912533,7.34114,209.878,4644.4,10154,0,21.6863,130.646,0,0.454666,3.50155
435,214232,251296,261469,0,40.8399,331.039,0,12.2315,166.861,8.04455,3664.74,35927.5,441.575,2280.67,11440.1,1.33845,460.659,4173.98,1752.51,4902.97,10217.4,0,0.0591188,0.604455,0,0.89665,6.65083,197.856,4643.29,10158.5,0,20.5532,127.312,0,0.434018,3.42216
436,214120,251278,261455,0,37.4616,311.9,0,11.3708,145.531,7.76429,3672.57,35947.6,439.771,2279.31,11417.8,1.52794,471.945,4274.12,1751.68,4908.05,10225.7,0,0.0627936,0.549571,0,0.874305,7.12,200.097,4641.9,10151.2,0,18.624,111.204,0,0.447469,3.81853
437,214017,251263,261443,0,34.8977,288.155,0,10.4637,125.16,7.89574,3678.41,35975.9,435.314,2277.44,11393.1,1.52246,483.402,4401.58,1753.56,4913.17,10230.5,0,0.0696322,0.649241,0,0.809027,6.89655,225.272,4640.77,10154.3,0,17.3075,105.197,0,0.378791,2.76758
438,213930,251247,261448,0,32.55,270.041,0,9.7489,125.399,8.04322,3682.54,35958.3,432.915,2275.21,11356.4,1.48896,495.146,4504.73,1756.63,4918.28,10235.1,0,0.0516199,0.555148,0,0.773687,5.86822,224.195,4640.22,10145.4,0,16.2389,102.246,0,0.368025,2.63171
439,213825,251234,261440,0,29.5928,232.371,0,9.12749,106.475,8.17062,3686.07,35959.9,433.994,2272.44,11319.9,1.61822,506.708,4614.31,1758.47,4923.47,10233,0,0.0557039,0.551342,0,0.694943,5.97291,230.326,4640.04,10139.8,0,14.6217,88.8817,0,0.347117,2.86537
440,213760,251223,261426,0,27.0757,232.047,0,8.31251,103.813,8.43502,3687.64,35907.7,432.406,2269.28,11281.6,1.7548,518.233,4736.86,1763.72,4928.74,10234,0,0.0529793,0.505325,0,0.605207,4.80887,228.247,4638.69,10137.5,0,12.9105,77.1203,0,0.28629,1.71464
441,213709,251215,261437,0,24.5021,200.889,0,7.68078,103.255,8.28621,3688.09,35897.5,428.209,2265.78,11247.6,1.82057,529.991,4859.42,1772.82,4934.07,10233.9,0,0.0576709,0.655227,0,0.556349,3.65077,212.734,4636.69,10151.6,0,11.8726,74.0977,0,0.271942,2.00025
442,213671,251205,261431,0,22.4102,181.496,0,7.20462,93.6103,8.21436,3687.51,35843.5,421.096,2262.06,11215.9,1.80293,541.444,4969.28,1777.14,4939.37,10238.1,0,0.0471315,0.53305,0,0.528306,4.0543,219.269,4636.05,10164.3,0,11.089,63.9672,0,0.279134,2.09342
443,213659,251198,261437,0,20.6398,158.435,0,6.49506,79.6468,8.44847,3685.78,35791.5,419.201,2258.17,11173.3,1.81422,552.901,5103.16,1776.97,4944.63,10247.8,0,0.0488537,0.576537,0,0.500076,3.32941,216.358,4635.3,10148.7,0,9.98794,60.9025,0,0.266849,1.9854
444,213631,251191,261426,0,18.7756,135.928,0,6.04992,76.0331,8.37726,3683.34,35758.3,419.214,2253.79,11129.9,1.94877,564.281,5227.69,1777.25,4950.04,10283.6,0,0.0527558,0.688015,0,0.450576,3.4531,222.385,4634.09,10132.5,0,9.11264,52.3505,0,0.218232,1.73914
445,213606,251185,261405,0,16.9709,128.402,0,5.48067,68.8514,9.02718,3679.91,35618.8,418.941,2249.44,11096,1.85673,575.774,5323.68,1779.58,4955.29,10312.6,0,0.0492731,0.516938,0,0.453907,3.53227,216.673,4633.53,10127,0,8.2524,52.1237,0,0.211832,1.60713
446,213591,251180,261430,0,15.7438,122.085,0,4.85737,56.2722,8.56787,3675.44,35467.4,414.934,2244.96,11071.1,1.91533,587.322,5428.03,1779.58,4960.39,10321.9,0,0.0286859,0.280713,0,0.431749,3.02243,228.109,4632.61,10139.9,0,7.60278,54.0352,0,0.189297,1.48359
447,213599,251177,261432,0,14.2499,107.936,0,4.35106,53.7526,9.01206,3670.5,35307.7,414.514,2239.94,11045.9,2.14193,598.834,5527.85,1782.31,4965.73,10323.2,0,0.0316878,0.371866,0,0.381692,3.07077,240.96,4631.46,10152.1,0,6.76445,41.6877,0,0.171623,1.32166
448,213597,251173,261438,0,12.5294,93.2167,0,3.93924,47.1838,9.035,3664.99,35139.8,413.266,2234.6,11012.4,2.05059,610.309,5656.96,1784.91,4971.16,10319.8,0,0.040153,0.448393,0,0.364364,2.62633,249.605,4630.64,10153.9,0,5.93531,41.2125,0,0.16015,1.1336
449,213600,251171,261444,0,11.4235,85.0404,0,3.62785,40.8114,8.84286,3658.86,34942.2,412.566,2229.17,10975.3,2.15944,621.49,5776.16,1787.58,4976.48,10361.8,0,0.0418407,0.362778,0,0.33481,2.51347,273.267,4629.41,10149.1,0,5.59859,36.7152,0,0.164412,1.27125
450,213581,251170,261452,0,10.0799,74.004,0,3.35409,34.4501,9.01793,3652.06,34791,412.448,2223.72,10950.1,2.25243,632.72,5882.03,1791.84,4981.63,10419,0,0.0415583,0.39174,0,0.32553,2.90539,268.592,4627.64,10135.9,0,4.85029,33.6074,0,0.157682,1.38308
451,213579,251170,261459,0,9.14151,69.1048,0,2.98146,29.3432,9.04909,3644.27,34622.9,409.212,2218.01,10933.4,2.15223,644.294,6009.87,1793.34,4986.96,10421.8,0,0.041037,0.400412,0,0.279019,2.08982,264.104,4626.02,10136,0,4.34717,31.8681,0,0.131703,1.00657
452,213566,251170,261471,0,8.33056,68.7883,0,2.72706,28.7298,9.31797,3636.21,34446.5,406.583,2212.24,10915.1,2.13484,655.686,6142.36,1795.07,4992.23,10424.6,0,0.0390424,0.348702,0,0.286235,2.14133,270.84,4624.73,10128,0,4.04135,31.1033,0,0.124651,1.09196
453,213558,251169,261470,0,7.37906,62.9726,0,2.39315,21.9123,9.33985,3628.05,34276.4,404.843,2206.16,10910.8,2.40102,666.764,6286.02,1797.31,4997.57,10423.7,0,0.038405,0.532825,0,0.23757,1.84926,271.954,4624.24,10128.1,0,3.42677,21.9923,0,0.114737,0.784509
454,213579,251171,261472,0,6.44779,51.5986,0,2.11255,20.2775,9.04148,3619.3,34101.5,405.65,2200.33,10896,2.48693,677.843,6421.98,1799.71,5002.57,10424.6,0,0.0360963,0.449967,0,0.209354,1.7573,267.488,4622.5,10135.6,0,2.93562,19.448,0,0.0920456,0.683549
455,213595,251172,261474,0,5.8367,42.3087,0,1.88412,18.0101,8.99765,3609.87,33950.6,403.837,2194.45,10884.9,2.50041,689.191,6554.86,1799.61,5007.61,10423.2,0,0.0313318,0.355036,0,0.205105,1.48026,272.399,4621.16,10146.4,0,2.78116,17.925,0,0.111373,0.814669
456,213605,251172,261480,0,5.15941,41.0768,0,1.62074,16.3517,8.84511,3600.27,33780.7,402.188,2188.5,10866.4,2.64818,700.419,6675.01,1802.05,5012.63,10427.4,0,0.0337169,0.335131,0,0.184775,1.51437,271.224,4620.8,10127.1,0,2.48152,15.4215,0,0.0873906,0.641477
457,213627,251174,261477,0,4.56605,35.58,0,1.45916,13.0365,9.07972,3590.55,33634.7,400.893,2182.29,10848.2,2.67561,711.408,6785.59,1802.19,5017.72,10434.8,0,0.0308321,0.358647,0,0.164319,1.33961,285.827,4619.78,10133,0,2.07086,14.8592,0,0.0843105,0.612646
458,213633,251177,261498,0,4.05823,32.5505,0,1.25187,12.4749,8.99102,3580.24,33450,396.999,2176.15,10829.5,2.73596,722.797,6906.9,1802.4,5022.75,10434.1,0,0.0383779,0.44145,0,0.179626,1.47897,277.083,4618,10122,0,1.93811,13.8234,0,0.0863734,0.679888
459,213645,251178,261519,0,3.73874,32.78,0,1.12636,10.9487,9.4741,3570.04,33299.6,396.193,2169.66,10803.8,2.70182,733.814,7006.78,1804.98,5027.96,10433.2,0,0.0317013,0.442299,0,0.156119,1.22366,275.748,4617.16,10119.7,0,1.848,13.1899,0,0.0694934,0.535199
460,213653,251180,261510,0,3.44613,31.4242,0,1.07167,11.6562,9.57896,3559.49,33135.2,394.383,2163.18,10784.7,2.7123,745.011,7105.1,1807.57,5033.1,10434.8,0,0.0333132,0.374452,0,0.148298,1.02165,273.547,4616.22,10117.6,0,1.64906,10.8838,0,0.0702663,0.508188
461,213658,251182,261493,0,3.15105,25.8435,0,1.00697,9.46378,9.66911,3549.08,32985.4,392.533,2156.47,10769.9,2.72551,755.899,7207.97,1806.94,5038.39,10439.7,0,0.0397027,0.378663,0,0.127459,1.12309,293.341,4615.71,10133.1,0,1.49678,10.8802,0,0.0560787,0.367621
462,213654,251186,261500,0,2.8132,23.4748,0,0.876104,7.62893,9.72034,3538.31,32818.4,387.716,2150,10740.6,2.92897,767.019,7313.05,1810.8,5043.45,10442.4,0,0.0328289,0.353214,0,0.12765,1.07377,293.334,4613.66,10132.6,0,1.3257,8.7844,0,0.0667864,0.518437
463,213677,251188,261498,0,2.49642,19.1426,0,0.833909,7.81901,9.32798,3527.6,32666.7,386.11,2143.57,10717.1,2.74746,777.975,7404.49,1811.55,5048.34,10443,0,0.0356393,0.32788,0,0.134279,0.998865,282.849,4612.66,10138.9,0,1.2347,8.36433,0,0.0648719,0.47062
464,213685,251191,261482,0,2.34218,21.041,0,0.766934,7.84423,9.80459,3516.52,32511.5,381.885,2137.02,10687.4,2.81292,789.037,7481.22,1812.42,5053.39,10443.9,0,0.0321593,0.339559,0,0.114888,0.99708,286.408,4611.55,10139.7,0,1.12695,8.05357,0,0.0521619,0.414663
465,213719,251194,261492,0,2.02019,20.4681,0,0.755272,7.73847,9.93508,3505.6,32349.2,379.91,2130.14,10661.5,2.81874,799.913,7561.48,1814.79,5058.69,10499.3,0,0.042014,0.434194,0,0.130625,1.16114,271.72,4610.87,10130.1,0,0.990778,7.14209,0,0.0546534,0.417693
466,213736,251197,261504,0,1.79719,15.1224,0,0.653056,5.89158,9.86637,3494.5,32192.1,382.454,2123.67,10636.1,2.79327,810.821,7662.3,1815.17,5063.67,10601,0,0.0418082,0.361243,0,0.128022,1.06641,275.773,4609.4,10140.6,0,0.934744,6.58366,0,0.0485592,0.354843
467,213750,251201,261499,0,1.64275,15.7305,0,0.608547,5.5934,9.92308,3483.41,32026.6,381.407,2117.13,10617.7,2.9737,821.651,7748.21,1818.4,5068.7,10608.3,0,0.0370996,0.340011,0,0.112633,0.941404,264.705,4607.59,10136.9,0,0.864934,6.77373,0,0.0457388,0.29951
468,213741,251204,261486,0,1.48417,14.014,0,0.551626,5.12899,9.8328,3472.46,31853.6,380.693,2110.75,10601.1,2.82259,832.228,7858.51,1821.41,5073.52,10615.8,0,0.0327801,0.266457,0,0.11988,0.940242,274.241,4606.6,10136.4,0,0.7571,5.91227,0,0.0481592,0.308123
469,213734,251207,261486,0,1.35153,10.8153,0,0.505752,4.59021,10.11,3461.38,31683.8,382.973,2103.95,10578,2.65732,842.865,7942.59,1827.91,5078.76,10619.8,0,0.0282752,0.309343,0,0.112617,0.797604,275.005,4605.68,10119.9,0,0.735651,5.96346,0,0.0397364,0.305349
470,213756,251211,261508,0,1.21544,9.85133,0,0.427136,4.34262,10.0643,3449.88,31530.2,382.049,2097.43,10563.9,2.84025,853.783,8027.4,1828.75,5083.64,10621.6,0,0.0272445,0.298389,0,0.100997,0.882777,293.754,4604.61,10120,0,0.60623,4.37775,0,0.0400825,0.257065
